,centroid_x,centroid_y,hand_area,hand_perimeter,hand_area2per,rect_area,circle_area,line_slope,label
0,61,108,5039.0,355.1959581375122,14.186535304124092,8448,13273.228961416875,-10.38655462184874,U
1,51,98,5029.5,305.722869515419,16.451173600365344,7500,9852.03456165759,-1.6638655462184875,T
2,58,105,4505.0,301.6812393665314,14.932980285613963,5928,8494.8665353068,-390.21008403361344,E
3,57,110,4487.0,391.7056245803833,11.455030815058432,10500,11309.733552923255,1.5546218487394958,Y
4,63,109,2261.5,259.2964633703232,8.721676997075587,3648,7238.229473870883,12.621848739495798,A
5,56,109,3710.5,395.5807341337204,9.37988046390985,5885,9160.884177867836,-19.781512605042018,W
6,55,112,3667.0,312.16652059555054,11.746935555434023,6962,10935.88402714607,-24.42016806722689,R
7,71,87,3421.0,397.8477599620819,8.598766523974017,7236,9852.03456165759,0.058823529411764705,Q
8,51,98,6405.5,450.634556889534,14.214400342959513,11390,14526.724430199205,3.831932773109244,F
9,63,108,4844.5,300.9533175230026,16.097180917866847,6656,8824.73376393373,-54.90756302521008,N
10,51,103,4737.0,297.13708305358887,15.94213671117475,7128,9160.884177867836,-1.7394957983193278,T
11,57,108,4520.5,289.78174459934235,15.599671422539497,6060,8494.8665353068,-6.890756302521009,M
12,64,97,5564.5,344.7523070573807,16.14057364110356,8052,14102.60942196458,8.378151260504202,B
13,59,99,2981.0,221.1959581375122,13.476738115380861,4060,4778.362426110075,-2.46218487394958,S
14,53,104,4609.5,459.3208485841751,10.035468701689606,8576,14526.724430199205,-11.184873949579831,V
15,64,104,6130.5,332.8944424390793,18.415747511681275,8910,9852.03456165759,10.46218487394958,E
16,63,104,3574.5,419.37972366809845,8.523301910582823,6498,10207.034531513238,114.29411764705883,W
17,60,109,3115.5,308.4091612100601,10.101839996503886,5665,9160.884177867836,-4.436974789915967,X
18,73,107,4807.0,371.4213538169861,12.942174569662997,10094,10935.88402714607,1.319327731092437,Q
19,60,111,2801.0,248.22539567947388,11.28409924509436,4050,6647.610054996002,13.420168067226891,E
20,44,97,4961.5,416.4924215078354,11.91258170325834,9375,12867.963509103793,-7.722689075630252,C
21,53,111,3476.5,303.09545290470123,11.469984015540726,6496,10568.317686676064,-7.61344537815126,R
22,54,108,4483.0,288.99494767189026,15.512381915720422,6363,8494.8665353068,-8.579831932773109,N
23,72,86,3305.0,331.13708305358887,9.98076074573968,6480,10568.317686676064,0.3277310924369748,P
24,61,104,5806.5,381.4385987520218,15.222633522138333,9590,15393.804002589986,-8.815126050420169,U
25,74,103,5202.5,446.0071402788162,11.664611460587194,11270,16741.547250980006,0.8151260504201681,P
26,74,98,3260.0,314.85281229019165,10.35404440661417,6360,9852.03456165759,0.2773109243697479,P
27,56,104,4448.0,372.99494767189026,11.925094502654604,7018,12076.282160399165,-128.52941176470588,V
28,55,105,4286.5,333.92387998104095,12.836757886987217,6426,12468.981242097889,-465.16806722689074,R
29,65,97,4646.5,529.1198381185532,8.781564525197254,9709,14102.60942196458,174.6890756302521,W
30,53,109,5093.0,332.9360725879669,15.297230968129323,8701,12076.282160399165,-2.8907563025210083,F
31,40,90,3297.0,301.53910398483276,10.933905276066076,6254,10935.88402714607,-0.453781512605042,G
32,74,106,4347.0,403.62236428260803,10.769968130299937,10230,14957.122623741005,0.8487394957983193,P
33,58,107,4648.0,427.9655101299286,10.86068827973751,7560,12867.963509103793,-12.268907563025211,V
34,52,101,4916.0,358.71067690849304,13.70463807313455,7866,14957.122623741005,-39.99159663865546,U
35,60,120,2130.0,283.9655101299286,7.5009109346604,4779,6361.725123519332,-2.327731092436975,C
36,60,100,5158.5,480.3502861261368,10.739038049923035,9792,16286.016316209487,-5.487394957983193,V
37,56,106,4282.5,407.9482651948929,10.49765464244365,11445,12867.963509103793,2.26890756302521,Y
38,50,111,4563.5,373.3208485841751,12.224069502968135,9894,10935.88402714607,-0.3697478991596639,Y
39,61,107,3766.5,299.2964633703232,12.584512217705905,5568,10568.317686676064,-7.823529411764706,U
40,64,106,4421.0,402.73506212234497,10.977440048805498,10602,12468.981242097889,2.7815126050420167,Y
41,54,108,5368.0,415.7056245803833,12.91298381016255,9086,13273.228961416875,-3.697478991596639,F
42,53,114,3730.5,415.37972366809845,8.98093909605657,6527,10935.88402714607,-2.823529411764706,D
43,49,91,6921.5,374.69343197345734,18.47243482103606,9620,13684.77759903714,184.30252100840337,E
44,61,107,4918.5,299.5807341337204,16.417944946368234,7171,9160.884177867836,-4.983193277310924,S
45,42,91,3880.0,346.73506212234497,11.190099946197387,9486,10568.317686676064,-0.6554621848739496,T
46,50,99,6021.5,385.11983811855316,15.635392945263897,11305,16741.547250980006,-1.3697478991596639,X
47,36,108,3575.5,383.8650048971176,9.314472417089167,7812,9852.03456165759,-1.4453781512605042,C
48,61,107,4845.0,364.6518018245697,13.286647634147384,9170,13684.77759903714,-21.26890756302521,D
49,57,114,4143.0,321.9655101299286,12.867837919434601,7176,11309.733552923255,-2.2184873949579833,D
50,52,106,4592.0,292.5096664428711,15.698626496149814,6592,9160.884177867836,-4.159663865546219,O
51,67,84,3685.0,347.7056245803833,10.59804541398235,7968,9852.03456165759,-0.8739495798319328,Q
52,59,100,3806.5,333.23758828639984,11.422781024115794,7250,12468.981242097889,7.974789915966387,D
53,68,107,3969.5,281.52185904979706,14.100148433936898,6984,8824.73376393373,1.9243697478991597,O
54,56,105,3618.0,326.99494767189026,11.064391134355796,6380,10568.317686676064,-4.73109243697479,X
55,45,98,4590.5,410.14927566051483,11.192266504938578,9072,12867.963509103793,-9.159663865546218,C
56,52,103,4663.5,294.20815074443817,15.851022441764083,7056,9160.884177867836,-1.680672268907563,T
57,59,106,4044.5,345.0365778207779,11.721945613838171,8052,11689.86626400762,-14.991596638655462,K
58,38,87,3584.0,344.7939372062683,10.394614328313786,8181,8824.73376393373,-0.4369747899159664,T
59,59,106,4624.0,293.1959581375122,15.771022320271182,6180,9160.884177867836,-5.92436974789916,M
60,62,98,5424.0,340.85281229019165,15.91302698533164,7729,13684.77759903714,-263.9075630252101,B
61,56,105,3358.5,273.2964633703232,12.288852766635157,4900,8494.8665353068,11.747899159663865,E
62,39,102,3753.0,316.30865597724915,11.864993034746222,8200,11689.86626400762,-0.6386554621848739,G
63,62,120,2187.5,286.20815074443817,7.643038796450171,4800,6647.610054996002,-1.9411764705882353,C
64,51,101,4774.0,354.2253956794739,13.4772945650679,7344,14526.724430199205,-23.73949579831933,U
65,51,90,8951.0,410.45079135894775,21.807729911701312,12852,15836.768566746148,-3.689075630252101,A
66,38,77,3574.5,311.4385987520218,11.477382746787082,6930,11309.733552923255,-0.5378151260504201,G
67,62,105,3543.5,276.1248904466629,12.832961180239826,5200,8171.282491987052,18.48739495798319,E
68,72,102,4739.5,375.52185904979706,12.621102835378503,9170,15836.768566746148,-3.134453781512605,X
69,62,111,4310.5,402.4091612100601,10.711734263300958,6962,11689.86626400762,-81.5126050420168,V
70,59,95,5912.5,333.37972366809845,17.735031797813487,8453,10207.034531513238,-3.3949579831932772,A
71,76,103,4173.5,456.14927566051483,9.149417137529538,10735,16286.016316209487,0.8403361344537815,P
72,54,102,4538.5,404.4924215078354,11.220234938102752,10374,14102.60942196458,-5.5966386554621845,L
73,63,103,4384.0,332.5096664428711,13.184579103817484,6912,12867.963509103793,-900.7899159663865,R
74,45,99,3366.0,309.13708305358887,10.88837342563818,7700,11689.86626400762,-0.4369747899159664,H
75,72,83,3486.0,386.19090580940247,9.026623743751367,6912,9852.03456165759,-0.008403361344537815,Q
76,51,107,5654.5,322.8944424390793,17.511914907197074,8268,9160.884177867836,16.03361344537815,E
77,55,103,2918.0,358.9360725879669,8.12958134567226,5876,10207.034531513238,29.51260504201681,F
78,80,104,4401.0,360.99494767189026,12.191306355899712,9116,11309.733552923255,1.588235294117647,Q
79,50,110,4648.5,376.97770273685455,12.330968028750597,10500,11309.733552923255,0.7478991596638656,Y
80,61,101,4467.0,311.1959581375122,14.35429954403877,6549,10207.034531513238,-18.596638655462186,S
81,45,93,3898.0,352.45079135894775,11.059699951219987,9520,11689.86626400762,-0.5126050420168067,T
82,59,101,4412.5,506.14927566051483,8.717783887454495,9271,12867.963509103793,-91.17647058823529,W
83,49,110,3512.5,322.5512965917587,10.88974075477254,6386,10207.034531513238,-2.857142857142857,X
84,67,97,7135.0,372.45079135894775,19.156893113226538,10455,13684.77759903714,-4.361344537815126,N
85,47,111,4867.0,397.7056245803833,12.237694664577955,8600,11309.733552923255,-1.3697478991596639,C
86,58,103,4286.0,302.3675310611725,14.174802383569723,6322,9852.03456165759,10934.24369747899,S
87,59,106,4567.5,349.78174459934235,13.058142886307131,7480,14957.122623741005,33.21848739495798,R
88,51,96,5698.5,371.8061298131943,15.326535909623342,10695,15836.768566746148,-1.3361344537815125,X
89,55,105,5241.5,307.8650048971176,17.025319268591783,8112,10568.317686676064,-1.9831932773109244,O
90,56,105,4101.0,357.4213538169861,11.47385279643889,9028,11689.86626400762,-154.42016806722688,K
91,75,108,4211.0,357.4802289009094,11.779672439359588,8514,10568.317686676064,1.6302521008403361,Q
92,59,109,4809.5,299.4385987520218,16.061723572193703,6732,8824.73376393373,-7.07563025210084,N
93,57,108,4628.0,357.13708305358887,12.958609507670651,8509,13684.77759903714,-5.0,D
94,63,98,4638.5,529.1198381185532,8.766445076967063,9636,14102.60942196458,37.15966386554622,W
95,40,93,3939.5,350.3502861261368,11.244460632698498,10504,15393.804002589986,-0.8739495798319328,G
96,47,88,4529.5,343.5807341337204,13.183218818774439,8640,14526.724430199205,-0.46218487394957986,G
97,46,108,3805.5,337.37972366809845,11.279575306498586,6825,10568.317686676064,-2.73109243697479,X
98,54,96,3272.5,231.4385987520218,14.139819449504907,4380,5026.548245743669,-2.9495798319327733,S
99,61,102,3019.0,385.0782079696655,7.839965849840615,6555,10935.88402714607,12.100840336134453,F
100,65,107,5251.0,473.9655101299286,11.078865208062373,7735,11689.86626400762,-101.84873949579831,W
101,40,80,3230.5,280.2670258283615,11.526507588439577,6000,9160.884177867836,-0.3697478991596639,H
102,51,108,4559.0,289.82337474823,15.730270217025836,6400,8171.282491987052,-10.596638655462185,N
103,71,88,3252.5,329.23758828639984,9.878884172759427,6820,10568.317686676064,0.35294117647058826,P
104,57,98,3119.5,227.4385987520218,13.715789743328559,4307,5026.548245743669,-2.672268907563025,S
105,47,113,4727.0,390.19090580940247,12.114582707135183,8160,10935.88402714607,-1.2605042016806722,C
106,77,104,4040.5,436.634556889534,9.25373389770939,10573,16286.016316209487,0.9243697478991597,P
107,61,105,4808.0,440.1076455116272,10.92460003599955,8128,13273.228961416875,-65.01680672268908,K
108,63,99,4523.0,523.5634891986847,8.638875882889511,9039,13684.77759903714,1159.6218487394958,W
109,53,101,3946.0,331.4802289009094,11.904179060946625,6380,11689.86626400762,-5.369747899159663,X
110,65,100,5534.5,486.0904005765915,11.385742227032416,9514,15836.768566746148,8.663865546218487,K
111,60,110,4231.0,382.3919162750244,11.064564442719481,9880,10935.88402714607,1.8487394957983194,Y
112,74,107,3755.5,431.3208485841751,8.706975357967398,10323,15393.804002589986,0.9495798319327731,P
113,56,102,5509.5,427.722869515419,12.88100401608614,8908,13684.77759903714,8.512605042016807,F
114,73,103,4335.0,357.13708305358887,12.138196243680268,9592,11689.86626400762,1.7983193277310925,Q
115,54,107,4586.5,298.61017167568207,15.359490181671903,5916,8494.8665353068,-656.5714285714286,E
116,56,106,4246.0,346.45079135894775,12.255708764136841,7986,13684.77759903714,-3.033613445378151,X
117,58,107,3432.5,393.5807341337204,8.721209404609212,5559,9503.317777109125,1397.81512605042,W
118,47,113,4835.5,389.11983811855316,12.426762982273774,8245,10568.317686676064,-1.2605042016806722,C
119,67,99,6341.5,348.2670258283615,18.20872930739449,8712,12076.282160399165,-19.630252100840337,N
120,56,105,3682.0,290.02438521385193,12.695484199664957,5824,8171.282491987052,6.974789915966387,I
121,59,107,4301.5,392.634556889534,10.955479910063566,10272,11689.86626400762,2.3361344537815127,Y
122,58,95,4293.5,264.4091612100601,16.238090920718985,5880,6939.778171779853,-2.5210084033613445,S
123,58,106,2847.0,281.53910398483276,10.11227200663882,4444,8171.282491987052,20.705882352941178,A
124,63,108,4431.0,416.9360725879669,10.627528514134811,7200,12468.981242097889,15.53781512605042,K
125,40,107,3984.5,376.83556735515594,10.573577297826379,9558,12867.963509103793,-2.1176470588235294,L
126,57,102,5674.0,383.9655101299286,14.777368931079245,8946,14102.60942196458,5.546218487394958,I
127,44,105,5943.0,320.59292674064636,18.537526889380736,8480,10935.88402714607,-1.9747899159663866,O
128,48,109,5648.0,368.3919162750244,15.331498196565919,10120,14957.122623741005,-1.504201680672269,X
129,61,112,3522.0,345.82337474823,10.184389654297151,5724,9503.317777109125,-9.260504201680673,K
130,62,101,5853.5,335.4385987520218,17.450287539292074,8073,10935.88402714607,-48.65546218487395,N
131,48,107,4799.0,435.62236428260803,11.016422464680144,14008,14957.122623741005,-7.168067226890757,L
132,58,104,4188.0,301.3380935192108,13.898010540552544,6448,9160.884177867836,-7.7899159663865545,N
133,52,105,4592.5,295.09545290470123,15.562760980539785,6466,9852.03456165759,-3.857142857142857,O
134,54,107,5396.5,348.14927566051483,15.50053490636069,9711,13684.77759903714,-2.2100840336134455,F
135,57,106,3944.5,301.92387998104095,13.064551238039506,6322,9160.884177867836,8.176470588235293,I
136,74,91,3207.5,309.5807341337204,10.360786852500167,6405,8824.73376393373,0.11764705882352941,P
137,68,105,4868.5,305.78174459934235,15.921486766252398,6552,9503.317777109125,-7.159663865546219,M
138,36,76,2889.0,275.39696860313416,10.49031154792138,5050,9160.884177867836,-0.33613445378151263,G
139,60,109,4273.0,327.53910398483276,13.045770559956921,7198,11689.86626400762,-13.949579831932773,U
140,50,105,4858.0,445.62236428260803,10.901607256226301,14317,15836.768566746148,-6.302521008403361,L
141,49,101,3316.5,397.66399443149567,8.339955455965534,6962,10935.88402714607,154.01680672268907,F
142,61,110,4144.0,380.3919162750244,10.894027508733588,9785,10568.317686676064,1.9579831932773109,Y
143,69,101,4616.0,363.62236428260803,12.694488715255247,8320,14957.122623741005,-3.991596638655462,X
144,41,106,4729.0,374.9360725879669,12.612816812632744,9095,11689.86626400762,-1.6134453781512605,C
145,57,107,5296.0,314.30865597724915,16.849679126824125,7904,8824.73376393373,13.067226890756302,E
146,43,95,4147.0,357.62236428260803,11.596030937044162,9435,11309.733552923255,-0.5210084033613446,T
147,63,103,4868.0,436.04877042770386,11.163888835703313,8064,13273.228961416875,9.991596638655462,K
148,59,109,3571.0,267.62236428260803,13.343428937908342,5980,7542.963961269093,2.1596638655462184,O
149,68,110,5362.0,315.3380935192108,17.003971642497863,7696,10568.317686676064,-3.0,A
150,50,105,5186.0,308.16652059555054,16.828563952949008,7455,9503.317777109125,-10.504201680672269,S
151,73,108,4440.5,405.37972366809845,10.953927245842284,10057,14957.122623741005,0.7563025210084033,P
152,60,110,4256.5,292.32590091228485,14.560803496085702,5457,9160.884177867836,25.974789915966387,B
153,54,105,4157.5,296.06601536273956,14.042476286601953,6720,9503.317777109125,-3.6134453781512605,O
154,78,99,4676.0,414.1076455116272,11.29174998501376,10593,14957.122623741005,0.773109243697479,P
155,71,106,4973.0,444.9360725879669,11.176886538047112,10998,16286.016316209487,0.7394957983193278,P
156,54,105,4152.0,339.13708305358887,12.242836916020535,7434,11689.86626400762,-4.65546218487395,X
157,61,100,4453.5,309.92387998104095,14.369657479354075,6431,9503.317777109125,-30.789915966386555,M
158,44,106,4216.0,379.90663504600525,11.097463458329592,10043,13684.77759903714,-2.2521008403361344,L
159,59,116,3606.0,395.62236428260803,9.11475266707647,6195,10207.034531513238,-3.142857142857143,D
160,48,107,5654.5,372.14927566051483,15.194171720377593,10324,14957.122623741005,-1.5126050420168067,X
161,44,106,5513.5,316.20815074443817,17.436299434469838,8190,11309.733552923255,-2.142857142857143,O
162,43,112,4045.0,351.62236428260803,11.503818900293066,8470,10568.317686676064,-0.3697478991596639,T
163,44,101,3717.0,306.6518018245697,12.121239718416632,7326,11309.733552923255,-0.3697478991596639,H
164,49,101,4308.5,423.5807341337204,10.171614648176721,7590,15393.804002589986,79.94117647058823,V
165,53,107,5170.5,404.3502861261368,12.787180267722293,9000,12867.963509103793,-5.621848739495798,F
166,40,98,3262.0,298.71067690849304,10.920265836360715,6099,10935.88402714607,-0.42016806722689076,G
167,56,106,3729.0,291.6812393665314,12.784504098030379,5985,8494.8665353068,8.731092436974789,I
168,66,105,4762.5,301.78174459934235,15.7812726754658,6344,9503.317777109125,-8.907563025210084,M
169,64,104,4349.5,357.8650048971176,12.154024396016132,8540,14526.724430199205,-2.563025210084034,X
170,62,104,5012.0,310.16652059555054,16.15906188190931,6968,9160.884177867836,-6.159663865546219,M
171,57,107,3258.5,284.811182141304,11.440913153414577,4816,9852.03456165759,-9.680672268907562,U
172,49,115,4202.5,354.3502861261368,11.859733615409164,8800,10207.034531513238,-2.3781512605042017,Y
173,60,106,4483.5,348.61017167568207,12.861070514520373,7425,14526.724430199205,40.378151260504204,R
174,49,103,4179.0,392.6518018245697,10.643017504519456,7198,12076.282160399165,-23.310924369747898,V
175,47,102,5459.5,316.20815074443817,17.26552584791658,8175,10935.88402714607,-2.563025210084034,O
176,56,108,3943.0,282.16652059555054,13.974017866037991,6336,8494.8665353068,-3.697478991596639,O
177,52,109,3249.0,281.39696860313416,11.545966597039643,4840,9503.317777109125,-9.411764705882353,U
178,35,110,3254.5,273.4385987520218,11.902123602350184,5916,8824.73376393373,-0.6050420168067226,G
179,60,108,3814.0,361.13708305358887,10.561086576185374,6555,10568.317686676064,-6.436974789915967,K
180,43,110,4129.5,366.97770273685455,11.252727261637212,9545,12867.963509103793,-1.949579831932773,L
181,58,109,3612.0,288.85281229019165,12.504638509010805,5824,8171.282491987052,9.798319327731093,I
182,35,77,2858.0,276.2253956794739,10.34662288371328,5100,8824.73376393373,-0.2605042016806723,G
183,60,106,3168.0,285.39696860313416,11.100328134197323,4972,10207.034531513238,-9.168067226890756,U
184,45,87,4386.5,367.8650048971176,11.924211168786744,10032,11689.86626400762,-0.48739495798319327,T
185,43,88,3653.5,310.7523070573807,11.756952135275307,7236,12076.282160399165,-0.47058823529411764,G
186,58,115,3473.0,260.2253956794739,13.346122467915395,4350,6082.123377349839,-725.1176470588235,E
187,62,104,4712.5,379.1787132024765,12.428176571936374,9875,12867.963509103793,6.453781512605042,K
188,61,109,4328.5,410.20815074443817,10.551960004072855,7018,11689.86626400762,-13.193277310924369,V
189,37,89,3635.5,349.722869515419,10.395373928612106,8400,9160.884177867836,-0.5966386554621849,T
190,60,110,4220.0,323.8822498321533,13.029426596199533,6960,11309.733552923255,-16.41176470588235,U
191,58,113,3961.5,334.4091612100601,11.846266369214604,8073,10935.88402714607,-22.134453781512605,D
192,55,101,5359.0,364.5096664428711,14.701942070005174,8192,12867.963509103793,17.48739495798319,F
193,60,108,3565.0,360.02438521385193,9.902107041672789,5700,10207.034531513238,-15.605042016806722,V
194,62,107,3492.5,274.1248904466629,12.740543167420046,5280,8171.282491987052,-6.38655462184874,N
195,61,105,3378.0,369.6812393665314,9.137601912903085,5967,10935.88402714607,-17.747899159663866,V
196,57,90,6656.5,359.8650048971176,18.49721398140127,9435,10935.88402714607,-3.1596638655462184,A
197,71,107,3840.0,277.2792184352875,13.848856115757533,6499,8171.282491987052,2.235294117647059,O
198,48,107,4558.0,427.13708305358887,10.671047260553939,13167,14526.724430199205,-6.033613445378151,L
199,71,85,3347.0,324.99494767189026,10.29862163697104,6600,10568.317686676064,0.33613445378151263,P
200,49,98,4197.0,385.2792184352875,10.893398343790865,11600,11689.86626400762,-2.134453781512605,L
201,52,110,5097.5,348.8944424390793,14.610436223529351,8927,12076.282160399165,2.563025210084034,I
202,49,97,5403.0,448.534051656723,12.045908175852572,12702,17203.36137105771,-6.117647058823529,L
203,42,87,4033.5,375.52185904979706,10.74105249214035,9680,10568.317686676064,-0.48739495798319327,T
204,58,106,3224.5,314.4091612100601,10.2557444178469,5885,9852.03456165759,-4.453781512605042,X
205,51,110,4270.0,367.4802289009094,11.61967274476527,7080,11309.733552923255,-7.605042016806722,V
206,64,113,3161.5,245.29646337032318,12.88848586140068,4437,6082.123377349839,91.9327731092437,E
207,62,110,4734.5,300.2670258283615,15.767632116575905,6936,9503.317777109125,-3.5714285714285716,A
208,60,105,3553.0,354.30865597724915,10.027979672695734,6380,10568.317686676064,-5.899159663865547,K
209,70,84,3352.0,320.99494767189026,10.442531959806098,6549,10568.317686676064,0.31932773109243695,P
210,39,114,4412.5,363.8061298131943,12.128712625776023,7347,9160.884177867836,-1.3025210084033614,C
211,59,107,4175.5,385.0365778207779,10.844424245697406,6844,11309.733552923255,-9.61344537815126,K
212,47,112,5478.0,358.73506212234497,15.27032224726267,9657,13273.228961416875,-1.5378151260504203,X
213,62,110,2401.0,326.1076455116272,7.362599537441368,5500,8824.73376393373,-4.378151260504202,C
214,52,107,5657.0,349.90663504600525,16.167169848769017,9758,13273.228961416875,-2.7142857142857144,F
215,45,109,4252.0,402.1076455116272,10.574282900266443,12000,12468.981242097889,-2.1260504201680672,L
216,62,101,5860.0,333.6812393665314,17.561670566570562,8190,10935.88402714607,-54.66386554621849,N
217,37,78,3010.0,284.2253956794739,10.590186681961493,5355,9503.317777109125,-0.25210084033613445,G
218,66,108,4957.0,301.1959581375122,16.457724169515124,6760,8824.73376393373,-35.91596638655462,N
219,49,98,5138.5,304.5512965917587,16.872362907349544,7474,9852.03456165759,-1.7226890756302522,T
220,60,99,4370.0,447.9655101299286,9.755215303813275,7257,12076.282160399165,-159.8235294117647,W
221,60,107,2651.5,270.46803629398346,9.803376533255003,4074,7542.963961269093,-939.3025210084033,A
222,59,104,4052.5,289.4385987520218,14.001242465494393,5985,8824.73376393373,37.20168067226891,S
223,57,108,4633.5,292.2670258283615,15.853652962962359,6600,8824.73376393373,-6.470588235294118,S
224,50,102,4523.0,410.3919162750244,11.021172251767524,10452,14526.724430199205,-7.294117647058823,L
225,63,112,2478.0,315.62236428260803,7.851154672237359,5510,7853.981633974483,-3.6470588235294117,C
226,47,93,4163.0,326.6518018245697,12.74445748269824,8236,12468.981242097889,-0.3865546218487395,H
227,71,107,4492.5,363.1787132024765,12.369943051963448,8880,14957.122623741005,-2.235294117647059,X
228,51,115,3798.0,350.02438521385193,10.850672582938936,6050,9852.03456165759,-10.789915966386555,V
229,64,104,3381.0,296.02438521385193,11.421356377642743,5290,10568.317686676064,11.697478991596638,D
230,56,102,4848.5,358.9533175230026,13.507327452654888,7923,15393.804002589986,-46.134453781512605,U
231,74,91,3177.5,317.23758828639984,10.016152301382949,6405,9852.03456165759,0.3445378151260504,P
232,47,103,4737.0,351.0538227558136,13.49365736232124,7370,14102.60942196458,-63.7563025210084,U
233,55,98,4586.5,462.69343197345734,9.912610992634766,7750,12468.981242097889,39.27731092436975,W
234,43,107,4028.5,369.66399443149567,10.897734322747361,9440,12867.963509103793,-2.2605042016806722,L
235,52,101,4835.0,337.6812393665314,14.318236953495415,7150,13273.228961416875,-165.3781512605042,U
236,49,101,4803.0,357.0538227558136,13.45175347215015,7480,14526.724430199205,-52.51260504201681,U
237,56,101,5779.0,333.13708305358887,17.347213186321806,7840,10568.317686676064,42.54621848739496,M
238,56,95,5391.5,394.8944424390793,13.65301564311519,8370,14957.122623741005,55.33613445378151,V
239,38,82,3364.5,339.722869515419,9.903660606656024,8000,8824.73376393373,-0.5042016806722689,T
240,43,109,4945.0,428.9360725879669,11.528524449260143,9790,14526.724430199205,-0.6974789915966386,G
241,62,102,4645.5,309.78174459934235,14.99604182941212,6188,11309.733552923255,-48.38655462184874,B
242,54,106,4704.5,359.5807341337204,13.08329271681863,7854,12468.981242097889,4.4033613445378155,I
243,75,96,4760.5,422.0071402788162,11.280614818163459,11211,16286.016316209487,0.7226890756302521,P
244,69,104,3643.5,307.78174459934235,11.83793406832156,5382,10568.317686676064,79.18487394957984,D
245,60,107,3361.0,304.16652059555054,11.049868320218954,6048,10207.034531513238,7.80672268907563,D
246,61,106,4369.5,288.7523070573807,15.13234662790658,6174,8171.282491987052,-7.050420168067227,M
247,36,67,2684.0,252.42640614509583,10.632802015400975,4092,7238.229473870883,-0.21008403361344538,H
248,55,105,5161.0,310.99494767189026,16.59512490037305,7420,9852.03456165759,-13.445378151260504,S
249,64,108,5062.0,467.9655101299286,10.817036491844362,7424,11309.733552923255,-256.9075630252101,W
250,51,108,4024.0,309.53910398483276,12.999973018585639,6084,10935.88402714607,55.0,U
251,65,103,4080.0,296.02438521385193,13.782648335043595,6148,9503.317777109125,-18.6218487394958,S
252,66,105,2964.0,304.16652059555054,9.744662213962803,6095,10935.88402714607,6.319327731092437,D
253,53,109,5038.5,302.1248904466629,16.67687820275601,6528,8824.73376393373,-9.025210084033613,M
254,51,113,4006.5,359.92387998104095,11.13152036539238,6498,10568.317686676064,-9.966386554621849,V
255,57,103,4750.0,311.6812393665314,15.239929132898782,6741,9503.317777109125,-8.831932773109244,M
256,63,106,5535.0,322.30865597724915,17.17297968066579,8374,9160.884177867836,6.61344537815126,E
257,54,108,3736.5,343.52185904979706,10.877037083856592,8260,10935.88402714607,42.411764705882355,K
258,61,112,4454.5,458.06601536273956,9.724580847746388,6649,9852.03456165759,-54.285714285714285,W
259,57,105,3694.5,376.7523070573807,9.806177509185936,6552,10935.88402714607,-18.81512605042017,V
260,46,106,3969.5,374.4924215078354,10.599680452857836,9558,12867.963509103793,-2.1092436974789917,L
261,64,102,5827.5,520.0071402788162,11.20657688830085,8772,13684.77759903714,115.26050420168067,W
262,58,102,4497.0,416.534051656723,10.79623618312507,11970,13684.77759903714,3.277310924369748,Y
263,68,87,3436.0,345.90663504600525,9.933316253222536,7304,9503.317777109125,-1.0672268907563025,Q
264,63,103,3997.5,332.4091612100601,12.02584184337161,6656,12867.963509103793,11.378151260504202,R
265,58,103,4024.0,405.0193328857422,9.935328201074265,11110,12867.963509103793,4.050420168067227,Y
266,63,109,4625.5,290.4091612100601,15.927527839434314,6831,8171.282491987052,-17.07563025210084,S
267,57,108,3587.0,264.9360725879669,13.539115172053462,6016,7542.963961269093,2.2100840336134455,O
268,60,112,4524.0,292.02438521385193,15.491856944367973,6566,8824.73376393373,-4.394957983193278,A
269,35,110,3254.5,273.4385987520218,11.902123602350184,5916,8824.73376393373,-0.6050420168067226,G
270,63,101,5729.5,509.52185904979706,11.244856129793716,8643,13684.77759903714,382.20168067226894,W
271,46,115,4293.5,353.52185904979706,12.144935002152774,8624,10207.034531513238,-3.6638655462184873,Y
272,54,102,4830.5,358.1248904466629,13.488311281506492,7866,14957.122623741005,-35.96638655462185,U
273,56,107,4720.0,360.30865597724915,13.099879566307266,8772,14102.60942196458,-5.764705882352941,D
274,55,107,4217.5,405.6051193475723,10.398044301768113,10710,12468.981242097889,2.73109243697479,Y
275,60,111,3602.5,354.5512965917587,10.160730011792989,6050,9852.03456165759,-8.579831932773109,K
276,78,99,3953.0,329.82337474823,11.985202695283544,8560,12468.981242097889,0.6218487394957983,H
277,57,96,3933.0,438.3919162750244,8.971424549563636,8643,13273.228961416875,28.974789915966387,F
278,59,110,4544.5,296.2670258283615,15.33920282655012,6767,9503.317777109125,-3.831932773109244,A
279,57,106,4797.5,437.52185904979706,10.965166427156653,7998,13273.228961416875,-11.436974789915967,V
280,49,105,5780.0,518.534051656723,11.146808934789963,11868,14102.60942196458,17.067226890756302,F
281,56,106,3651.0,287.6812393665314,12.691129974409984,5768,8171.282491987052,8.22689075630252,I
282,63,110,4521.5,293.5807341337204,15.401214978706824,6860,7853.981633974483,10.394957983193278,E
283,60,104,3529.0,266.9360725879669,13.220393803602706,6175,7238.229473870883,2.1512605042016806,O
284,40,82,3601.0,352.30865597724915,10.221151081319274,8505,9503.317777109125,-0.453781512605042,T
285,67,80,6838.5,337.1787132024765,20.28152944487177,9309,10935.88402714607,-2.1596638655462184,A
286,61,98,5453.5,343.09545290470123,15.894993518071407,7788,13684.77759903714,456.453781512605,B
287,53,104,5069.5,310.06601536273956,16.349744082947307,7383,9503.317777109125,576.90756302521,S
288,55,110,4173.0,277.82337474823,15.02033442571803,5917,7542.963961269093,-13.025210084033613,N
289,43,106,4574.0,366.1076455116272,12.493593226134182,8774,11309.733552923255,-1.7058823529411764,C
290,59,106,4415.0,342.3675310611725,12.895498548929718,7315,14102.60942196458,149.84873949579833,R
291,75,106,4304.0,353.13708305358887,12.187901544587612,9360,11689.86626400762,1.504201680672269,Q
292,48,105,4168.5,401.1787132024765,10.39063106495419,11682,11689.86626400762,-2.5294117647058822,L
293,54,105,5348.5,372.4091612100601,14.361891588867598,8662,12867.963509103793,5.554621848739496,I
294,65,107,4521.5,376.7766922712326,12.000476921075254,9690,12867.963509103793,1.8235294117647058,Y
295,61,91,6347.5,347.0365778207779,18.290579165629268,9020,10935.88402714607,-3.403361344537815,A
296,64,114,4278.0,283.1959581375122,15.106147800042825,6080,8171.282491987052,-4.201680672268908,A
297,58,100,3838.0,401.3380935192108,9.563009497418383,6731,12867.963509103793,-34.72268907563025,V
298,39,106,4794.5,371.52185904979706,12.905028017092711,8988,11689.86626400762,-1.680672268907563,C
299,59,103,4859.5,468.0071402788162,10.383388589124822,9660,15393.804002589986,-5.4789915966386555,V
300,73,108,3512.0,419.0782079696655,8.38029736028224,9646,14526.724430199205,0.9915966386554622,P
301,60,110,3017.5,254.81118214130402,11.842101962097814,4232,6939.778171779853,18.680672268907564,E
302,61,112,4691.0,288.99494767189026,16.232117681607072,6624,8171.282491987052,-6.848739495798319,S
303,51,104,4327.0,292.5096664428711,14.792673529799703,6300,9160.884177867836,-5.420168067226891,O
304,48,107,4551.5,428.8944424390793,10.61216828578165,13266,14526.724430199205,-6.92436974789916,L
305,70,108,3723.5,271.52185904979706,13.713444703975421,6402,8171.282491987052,2.2605042016806722,O
306,58,106,3896.5,287.78174459934235,13.539774753345855,5768,8824.73376393373,-28.941176470588236,S
307,44,93,3767.5,300.06601536273956,12.555570464871199,7020,10935.88402714607,-0.42857142857142855,H
308,58,112,4061.5,335.5807341337204,12.102899799908046,8040,11309.733552923255,-55.319327731092436,D
309,56,107,4121.0,293.6812393665314,14.032220814952197,6262,8824.73376393373,-6.915966386554622,N
310,57,102,4535.0,452.6518018245697,10.018738424811552,7398,14957.122623741005,-31.067226890756302,V
311,61,110,4271.5,367.11983811855316,11.635165296135847,9215,11689.86626400762,1.5714285714285714,Y
312,50,100,3377.0,388.59292674064636,8.69032802095718,6954,11689.86626400762,-71.42857142857143,F
313,59,100,4419.5,507.8061298131943,8.703124559811425,9398,12867.963509103793,-143.5546218487395,W
314,54,108,4347.5,284.4091612100601,15.286075812406779,6200,8171.282491987052,-8.882352941176471,N
315,61,107,3791.5,281.4385987520218,13.471855022063716,5782,8494.8665353068,-5.554621848739496,N
316,63,99,2249.0,191.0538227558136,11.771551950962284,3050,3631.6811075498013,-2.2941176470588234,S
317,53,109,4141.5,276.9533175230026,14.953783681092839,5238,7542.963961269093,-30.65546218487395,E
318,51,108,4434.5,285.5807341337204,15.528008265163955,6200,8171.282491987052,-9.495798319327731,N
319,46,108,4468.0,421.4802289009094,10.600734491511423,12838,14102.60942196458,-4.966386554621849,L
320,40,79,3763.0,357.13708305358887,10.536570349473783,8715,9503.317777109125,-0.46218487394957986,T
321,61,110,2886.5,252.81118214130402,11.417612051616631,3960,7542.963961269093,-272.87394957983196,B
322,46,112,4954.0,342.99494767189026,14.44336143615447,8624,11689.86626400762,2.53781512605042,I
323,48,107,4803.5,440.5512965917587,10.903384094341257,13837,15393.804002589986,-9.285714285714286,L
324,58,94,7749.0,388.59292674064636,19.94117614284785,11440,14957.122623741005,-5.4789915966386555,N
325,62,102,3178.0,267.53910398483276,11.878637375492467,5088,6939.778171779853,7.831932773109243,I
326,56,108,4329.5,336.1248904466629,12.880628965759426,7150,13273.228961416875,-14.285714285714286,R
327,60,107,2687.0,273.1959581375122,9.835431015591777,4268,7542.963961269093,12.420168067226891,A
328,52,110,3540.5,305.92387998104095,11.573140351839863,6608,10935.88402714607,-7.436974789915967,R
329,63,99,4556.5,522.634556889534,8.718328973725093,9432,13684.77759903714,153.94957983193277,W
330,50,104,4960.5,369.23758828639984,13.434439389069942,8118,13273.228961416875,5.109243697478991,I
331,51,110,4808.0,386.3919162750244,12.44332450417462,11227,12076.282160399165,0.8487394957983193,Y
332,53,102,5437.0,380.6518018245697,14.28339488724065,9030,14526.724430199205,5.067226890756302,I
333,52,107,5559.0,320.99494767189026,17.31802958369991,7950,9160.884177867836,18.18487394957983,E
334,60,110,6143.0,320.99494767189026,19.1373728607067,8282,10568.317686676064,-2.142857142857143,A
335,60,108,4389.5,299.1543279886246,14.673028565265858,5610,9852.03456165759,13.831932773109244,B
336,55,100,4614.0,456.9360725879669,10.097692602528634,8540,15836.768566746148,-12.546218487394958,V
337,58,102,5619.0,387.82337474823,14.488554238505566,9288,14102.60942196458,6.781512605042017,I
338,61,109,4711.0,297.82337474823,15.818100254832325,7029,7853.981633974483,14.285714285714286,E
339,37,68,2857.5,269.63960921764374,10.59747864303395,4655,7853.981633974483,-0.31092436974789917,H
340,59,97,5496.5,345.4385987520218,15.91165555863589,7847,14102.60942196458,310.6890756302521,B
341,44,107,5801.0,366.6518018245697,15.82155050413629,9676,12867.963509103793,3.0756302521008405,I
342,62,115,1960.0,289.13708305358887,6.778791496754265,4320,6939.778171779853,-4.949579831932773,C
343,62,104,4168.0,327.6812393665314,12.719678453540755,6477,12468.981242097889,44.19327731092437,R
344,57,99,5841.5,437.722869515419,13.345201740239963,9727,14957.122623741005,11.663865546218487,F
345,55,102,3114.0,387.4213538169861,8.037760359154136,6612,10568.317686676064,17.66386554621849,F
346,59,111,3563.0,345.82337474823,10.302947285139338,5616,9503.317777109125,-10.243697478991596,K
347,73,88,3299.5,353.4629839658737,9.334782281809066,7344,9503.317777109125,-0.03361344537815126,Q
348,49,108,5401.0,367.3380935192108,14.703076253967497,9375,13273.228961416875,5.159663865546219,I
349,51,104,4620.0,334.73506212234497,13.801960185190877,8611,12867.963509103793,-1.5630252100840336,X
350,46,112,4878.0,390.8771975040436,12.479622835889622,8316,10935.88402714607,-1.3949579831932772,C
351,76,104,4109.5,443.4629839658737,9.266838831166668,10670,16286.016316209487,0.8991596638655462,P
352,54,108,5216.0,337.0782079696655,15.474153702838601,9085,12468.981242097889,-2.6134453781512605,F
353,37,90,2790.0,261.6812393665314,10.661826605353646,5394,7853.981633974483,-0.3949579831932773,H
354,67,80,3521.0,336.3919162750244,10.466957824043938,7520,9503.317777109125,-0.8487394957983193,Q
355,64,99,5317.0,459.4802289009094,11.571771026401777,8618,15393.804002589986,-19.394957983193276,K
356,60,110,3720.5,358.8944424390793,10.366557851147384,5994,9852.03456165759,-10.739495798319327,K
357,53,103,4623.0,430.1076455116272,10.748472035415203,7434,11309.733552923255,17.66386554621849,W
358,61,107,4173.5,400.8944424390793,10.41047108213333,6897,12076.282160399165,34.50420168067227,K
359,55,107,5206.5,308.61017167568207,16.870798430686538,6825,9503.317777109125,-8.521008403361344,M
360,54,107,5336.0,346.73506212234497,15.389271472399292,9477,13684.77759903714,-2.310924369747899,F
361,56,92,5073.5,430.14927566051483,11.794742632564933,10260,14102.60942196458,51.714285714285715,F
362,65,104,5147.0,314.3675310611725,16.37255597811229,7150,9852.03456165759,-21.210084033613445,N
363,63,104,4682.0,304.3675310611725,15.38271833291903,6300,9503.317777109125,-13.277310924369749,M
364,36,82,3231.0,293.53910398483276,11.007051381361942,5775,10207.034531513238,-0.40336134453781514,G
365,45,117,4936.5,373.1787132024765,13.228246481791128,9118,10935.88402714607,-1.1932773109243697,C
366,69,108,2739.0,297.3380935192108,9.21173593192167,5940,10207.034531513238,5.277310924369748,D
367,55,106,4947.0,303.1959581375122,16.31618056648475,6615,9160.884177867836,-7.1344537815126055,M
368,53,109,5199.0,358.16652059555054,14.515594565776919,8833,12076.282160399165,10.008403361344538,I
369,73,103,4731.0,389.2792184352875,12.153230318886047,11000,12867.963509103793,1.4201680672268908,Q
370,44,83,3450.5,293.5807341337204,11.753155431610725,6678,10207.034531513238,-0.37815126050420167,H
371,43,85,3816.5,352.8944424390793,10.81484869419231,8480,9503.317777109125,-0.4117647058823529,T
372,77,100,3879.5,329.23758828639984,11.783283981005441,8532,12468.981242097889,0.6302521008403361,H
373,45,114,3956.0,375.9655101299286,10.52224178391486,7760,11309.733552923255,-0.7478991596638656,G
374,58,105,4284.0,394.73506212234497,10.852848938643834,10212,12076.282160399165,3.1596638655462184,Y
375,56,89,5813.5,362.5512965917587,16.034972305025672,9471,12468.981242097889,-14.042016806722689,A
376,51,107,3974.5,337.23758828639984,11.785459681987307,6976,10207.034531513238,-4.235294117647059,X
377,49,102,4905.0,318.30865597724915,15.409571520890657,7840,10568.317686676064,-3.9159663865546217,O
378,61,100,4298.0,347.3380935192108,12.374110643761806,7236,14102.60942196458,15.361344537815127,R
379,59,108,4044.0,326.3675310611725,12.390938482302689,6858,12867.963509103793,-25.949579831932773,R
380,61,107,3659.5,296.1248904466629,12.357961515765044,5520,10568.317686676064,-7.277310924369748,U
381,57,99,4485.5,422.4091612100601,10.618851132751363,7656,13684.77759903714,-16.65546218487395,V
382,48,111,4938.5,427.8650048971176,11.542191914450887,9632,14102.60942196458,-0.5882352941176471,G
383,70,108,3821.5,333.23758828639984,11.46779395341088,7425,9852.03456165759,2.0168067226890756,Q
384,75,87,3105.5,339.8061298131943,9.139034665758455,6552,9160.884177867836,-0.12605042016806722,Q
385,64,102,5542.5,397.3208485841751,13.949683284303628,10560,17203.36137105771,-2.3949579831932772,X
386,33,106,2729.5,288.8944424390793,9.448087602362182,7140,10568.317686676064,-0.8991596638655462,G
387,54,107,4750.0,296.6518018245697,16.012038257596686,6798,8824.73376393373,-9.731092436974789,N
388,65,106,5408.0,481.62236428260803,11.228714447377023,8174,12076.282160399165,-64.81512605042016,W
389,63,108,2608.5,255.63960921764374,10.20381781987158,3737,7853.981633974483,49.64705882352941,B
390,44,116,4020.5,376.8944424390793,10.667443048460095,7546,10935.88402714607,-0.6974789915966386,G
391,62,103,4365.5,340.7523070573807,12.811358601498407,7074,13273.228961416875,34.00840336134454,R
392,51,103,5228.0,348.5096664428711,15.0010186327414,7686,12867.963509103793,-16.394957983193276,D
393,62,109,4253.5,360.83556735515594,11.787917779772112,9000,11309.733552923255,-9.596638655462185,K
394,52,103,5408.5,314.3502861261368,17.205328700829543,8560,10935.88402714607,-1.9915966386554622,O
395,58,98,5458.0,342.5096664428711,15.935316677873578,7991,13684.77759903714,51.529411764705884,B
396,51,94,5533.5,368.97770273685455,14.996841161283804,10488,15393.804002589986,-1.3445378151260505,X
397,59,96,4225.0,263.82337474823,16.014502141942394,5865,6647.610054996002,-2.697478991596639,S
398,51,107,4329.0,284.5096664428711,15.215651735577334,6272,8171.282491987052,-7.218487394957983,O
399,63,108,5390.0,365.1959581375122,14.759199492482963,9100,14102.60942196458,-8.487394957983193,U
400,60,110,4266.5,291.1543279886246,14.653740610603915,5457,9160.884177867836,20.73949579831933,B
401,61,93,6161.5,346.69343197345734,17.772185544235292,8938,10207.034531513238,-3.4873949579831933,A
402,65,106,5315.0,479.9655101299286,11.073712356042433,8040,12076.282160399165,-48.10084033613445,W
403,62,106,4018.5,345.8650048971176,11.618694991114696,8118,11689.86626400762,-20.672268907563026,K
404,44,109,5241.5,344.06601536273956,15.233995122924382,8400,11309.733552923255,3.722689075630252,I
405,56,107,4441.0,343.53910398483276,12.927203769490154,7370,14102.60942196458,-24.48739495798319,R
406,44,116,5001.0,374.9360725879669,13.338273816869602,9215,10935.88402714607,-1.218487394957983,C
407,42,81,2977.0,283.3380935192108,10.506882301013839,6262,9503.317777109125,-0.3949579831932773,H
408,53,96,5040.5,484.69343197345734,10.399356928517296,8384,14102.60942196458,65.58823529411765,W
409,50,109,4685.5,382.97770273685455,12.234393716700069,11009,12076.282160399165,1.0420168067226891,Y
410,59,104,3358.0,283.53910398483276,11.84316361590685,4752,9160.884177867836,33.15966386554622,B
411,36,68,2763.5,256.6690467596054,10.766783275539558,4230,7542.963961269093,-0.25210084033613445,H
412,70,108,4691.0,399.90663504600525,11.730237982824034,10500,11689.86626400762,1.319327731092437,Q
413,59,95,5891.0,334.7939372062683,17.59589808930896,8720,10207.034531513238,-3.5126050420168067,A
414,56,93,7116.5,377.52185904979706,18.85056409160482,9906,13273.228961416875,39.563025210084035,M
415,59,98,5560.0,346.5096664428711,16.045728412360685,8184,13684.77759903714,74.72268907563026,B
416,56,114,3376.0,314.5096664428711,10.734169280654626,5565,9852.03456165759,-4.0588235294117645,D
417,66,109,4630.0,289.82337474823,15.975247006981713,6860,8494.8665353068,-7.378151260504202,S
418,57,103,5165.0,360.99494767189026,14.307679465626453,8875,13684.77759903714,4.697478991596639,I
419,44,109,4239.0,395.4213538169861,10.720210122900818,11781,12076.282160399165,-2.1596638655462184,L
420,67,109,3822.5,275.52185904979706,13.873672358276051,6720,8494.8665353068,2.008403361344538,O
421,60,111,4167.0,285.7401144504547,14.583181671968315,5250,8824.73376393373,22.03361344537815,B
422,60,107,4250.0,337.1959581375122,12.603947044545544,7205,13684.77759903714,-54.05042016806723,R
423,57,105,4823.5,301.23758828639984,16.012277974467402,7072,8824.73376393373,-73.91596638655462,S
424,59,104,4574.5,300.1248904466629,15.241988071005938,6148,9503.317777109125,-12.050420168067227,M
425,55,108,5223.0,341.0782079696655,15.313203476384272,9315,12867.963509103793,-2.3949579831932772,F
426,63,105,4071.5,327.09545290470123,12.447436868485681,6500,12468.981242097889,18.41176470588235,R
427,75,85,3226.0,347.22034335136414,9.290930274599436,6831,8824.73376393373,-0.25210084033613445,Q
428,62,105,5099.5,309.09545290470123,16.49813982081533,7107,9160.884177867836,-4.823529411764706,M
429,57,109,3966.0,288.02438521385193,13.769667443453894,6014,8171.282491987052,-6.159663865546219,N
430,53,105,4790.0,300.02438521385193,15.96536893688083,6405,9160.884177867836,-7.042016806722689,M
431,59,107,3703.5,407.23758828639984,9.094199814864394,6104,9503.317777109125,-23.142857142857142,W
432,79,107,3848.5,326.06601536273956,11.802824638804042,8505,12076.282160399165,0.7058823529411765,H
433,55,106,3903.5,303.2964633703232,12.870245688403724,5900,10935.88402714607,-8.260504201680673,U
434,50,89,7279.5,388.8944424390793,18.718446975853457,10360,17671.458676442588,-12.277310924369749,B
435,54,104,4458.0,324.2497808933258,13.748660022893361,7811,11689.86626400762,-1.8487394957983194,X
436,51,95,5217.0,310.7939372062683,16.78604173200963,7854,10207.034531513238,-1.6050420168067228,T
437,82,103,3717.0,317.82337474823,11.695175041623337,8134,11689.86626400762,0.773109243697479,H
438,61,102,2812.5,368.0071402788162,7.642514756287454,5928,10207.034531513238,27.100840336134453,F
439,58,106,4307.5,408.7766922712326,10.537538175346544,11211,12468.981242097889,3.6218487394957983,Y
440,61,108,4828.5,299.4385987520218,16.125175645771346,6732,8824.73376393373,-7.873949579831932,N
441,53,107,4214.5,281.5807341337204,14.967288202319155,6000,8171.282491987052,-9.025210084033613,N
442,56,102,4663.5,306.7523070573807,15.202819645387873,6206,9160.884177867836,-31.77310924369748,E
443,68,103,5015.0,310.85281229019165,16.133037250177193,6848,10207.034531513238,-6.5966386554621845,M
444,45,116,4077.0,379.4802289009094,10.74364272364923,7722,11309.733552923255,-0.7058823529411765,G
445,58,100,4491.0,433.50461411476135,10.359751323918092,12390,14526.724430199205,4.168067226890757,Y
446,47,115,4258.0,354.1076455116272,12.024592109125155,8712,10207.034531513238,-3.142857142857143,Y
447,57,110,4070.5,286.32590091228485,14.216317793921782,5194,9160.884177867836,16.310924369747898,B
448,52,102,3586.0,341.4802289009094,10.501340038168312,5568,10935.88402714607,-13.210084033613445,X
449,48,103,4135.5,394.3502861261368,10.486869530702508,11682,11689.86626400762,-2.302521008403361,L
450,55,110,4316.5,281.4385987520218,15.337270790646983,6144,7853.981633974483,-17.638655462184875,S
451,58,105,4315.5,404.634556889534,10.665179052361907,10355,12076.282160399165,5.0588235294117645,Y
452,57,104,4704.0,305.6812393665314,15.388579324489074,6148,8824.73376393373,-64.26890756302521,E
453,57,109,4805.0,405.36247873306274,11.85358845993283,11236,12076.282160399165,1.226890756302521,Y
454,57,104,2958.0,277.0538227558136,10.67662582879099,4180,9503.317777109125,340.52100840336135,B
455,67,86,3608.5,348.634556889534,10.350379584268708,7802,9503.317777109125,-0.9411764705882353,Q
456,45,96,3926.5,347.37972366809845,11.30319282466684,9324,11689.86626400762,-0.5294117647058824,T
457,46,112,4802.5,388.634556889534,12.35736739017027,8036,10568.317686676064,-1.411764705882353,C
458,52,111,3506.0,303.3380935192108,11.558060378519391,6552,10568.317686676064,-8.840336134453782,R
459,50,105,6012.5,327.1787132024765,18.376806795126456,9010,11689.86626400762,-1.7983193277310925,O
460,59,101,5284.5,462.97770273685455,11.414156597091207,8778,14957.122623741005,14.042016806722689,K
461,62,105,3285.0,273.39696860313416,12.015495331875972,4646,8171.282491987052,18.386554621848738,E
462,47,108,5208.0,401.62236428260803,12.967405361757463,12360,14526.724430199205,-0.6470588235294118,T
463,58,109,3069.0,343.1959581375122,8.94241300700374,5076,9503.317777109125,-40.3109243697479,V
464,59,101,4851.5,468.8944424390793,10.346678401142123,8378,15836.768566746148,-12.831932773109244,V
465,56,104,4814.5,388.0071402788162,12.408276807845265,10250,12867.963509103793,6.201680672268908,K
466,76,84,3065.5,352.14927566051483,8.705115165295009,6144,8171.282491987052,-0.15966386554621848,Q
467,55,116,3344.5,251.9827550649643,13.272733680278026,4165,5808.804816487527,-58084.924369747896,E
468,58,113,4535.5,289.78174459934235,15.651434517625901,6460,8494.8665353068,-3.4285714285714284,A
469,60,96,3320.0,233.68123936653137,14.207387845938914,4588,5281.017250684442,-2.495798319327731,S
470,61,109,3452.5,270.2670258283615,12.77440334949547,5358,7542.963961269093,-6.428571428571429,N
471,60,103,3092.0,294.85281229019165,10.48658812505027,5047,8494.8665353068,45.378151260504204,A
472,46,112,4705.0,386.534051656723,12.172278172735123,8245,10568.317686676064,-1.3529411764705883,C
473,65,102,4864.5,432.20815074443817,11.254993668262278,7540,14102.60942196458,38.27731092436975,K
474,60,102,3735.0,296.85281229019165,12.581992978893563,6018,8494.8665353068,-18.26050420168067,A
475,67,83,3678.0,348.534051656723,10.552770905789496,7968,9852.03456165759,-0.8823529411764706,Q
476,58,109,3654.5,309.5807341337204,11.804675152755062,6840,11309.733552923255,-19.361344537815125,R
477,39,107,4291.5,316.2670258283615,13.569229952948058,7650,11309.733552923255,-0.5378151260504201,G
478,44,106,4153.5,400.0071402788162,10.383564646133301,11662,11689.86626400762,-2.176470588235294,L
479,55,107,5919.5,322.8944424390793,18.332616551976848,8374,9160.884177867836,78.07563025210084,E
480,50,108,4097.5,329.4385987520218,12.437826094216451,6726,10935.88402714607,6.7899159663865545,I
481,64,98,4569.5,519.6639944314957,8.79318184243063,8777,13684.77759903714,-34.51260504201681,W
482,46,116,5010.0,382.9360725879669,13.083123682084345,9408,11309.733552923255,-1.1764705882352942,C
483,59,109,3170.5,320.20815074443817,9.901371943934096,6993,9852.03456165759,13.588235294117647,K
484,61,109,3458.5,265.63960921764374,13.019519228272856,4800,7542.963961269093,135.15126050420167,E
485,67,111,4093.0,331.6812393665314,12.34016131818943,7680,11309.733552923255,-48.90756302521008,D
486,64,119,2037.5,278.8944424390793,7.30563141445554,4424,5808.804816487527,-2.5546218487394956,C
487,56,105,5051.5,307.09545290470123,16.449282958180422,6834,9160.884177867836,-5.991596638655462,M
488,43,107,4723.0,335.82337474823,14.063940616226844,8690,12867.963509103793,-0.5210084033613446,G
489,68,106,4305.5,348.20815074443817,12.364730666973827,7872,13684.77759903714,-3.4789915966386555,X
490,57,109,2988.0,303.3380935192108,9.85039486908612,5356,9160.884177867836,-4.697478991596639,X
491,58,116,3569.5,397.52185904979706,8.979380425851886,6300,10207.034531513238,-3.0,D
492,60,111,3659.0,323.2792184352875,11.318389155077847,7182,10207.034531513238,-31.51260504201681,K
493,60,102,4628.5,345.5807341337204,13.39339709316385,7467,13684.77759903714,478.7563025210084,R
494,62,108,4157.5,281.63960921764374,14.761773074280871,5500,8494.8665353068,-7.487394957983193,M
495,62,90,6086.5,335.37972366809845,18.148085797886154,8856,9503.317777109125,-3.1512605042016806,A
496,42,110,5419.5,306.3502861261368,17.69053350179857,7920,9852.03456165759,-1.7142857142857142,O
497,60,104,4032.5,284.61017167568207,14.168502749772061,5858,8171.282491987052,33.42857142857143,S
498,61,112,4036.5,332.2670258283615,12.148361667658007,7788,10935.88402714607,-30.781512605042018,D
499,44,115,4415.5,372.7766922712326,11.84489291188645,7812,9503.317777109125,-1.2436974789915967,C
500,70,108,3921.0,340.99494767189026,11.498704091571575,7722,10207.034531513238,1.7983193277310925,Q
501,52,101,4819.0,356.2253956794739,13.527951848598862,7398,14957.122623741005,-22.89075630252101,U
502,46,115,4165.0,385.9655101299286,10.791119648483424,8000,11309.733552923255,-0.6890756302521008,G
503,60,107,5443.0,367.1959581375122,14.823147911561804,9108,14102.60942196458,-10.823529411764707,U
504,67,85,3282.0,329.5634891986847,9.958627419499656,6930,8824.73376393373,-0.8823529411764706,Q
505,59,101,4250.5,499.1787132024765,8.514986491973898,8190,12468.981242097889,38.05882352941177,W
506,56,108,4769.0,295.1959581375122,16.15537024994915,6222,8824.73376393373,-9.420168067226891,M
507,51,108,4296.0,296.85281229019165,14.471818430341832,6500,8824.73376393373,-6.201680672268908,N
508,58,118,3651.5,321.09545290470123,11.372007815643961,5916,9852.03456165759,-2.9495798319327733,D
509,59,107,4294.5,299.63960921764374,14.332217330054927,5488,10207.034531513238,10.495798319327731,B
510,63,103,4666.5,303.2964633703232,15.385936084266934,6099,9852.03456165759,-20.067226890756302,M
511,54,117,3522.5,387.722869515419,9.085097312940208,6161,9852.03456165759,-2.6134453781512605,D
512,54,101,4313.0,280.6518018245697,15.367797291734394,6348,8171.282491987052,-1.680672268907563,T
513,46,111,4315.0,400.2497808933258,10.780767925392144,12221,12468.981242097889,-2.2100840336134455,L
514,62,104,3962.0,326.02438521385193,12.152465213303513,6048,12468.981242097889,51.87394957983193,R
515,56,102,4654.5,354.1248904466629,13.143668026636623,7535,14957.122623741005,-41.51260504201681,U
516,44,93,4033.5,300.7523070573807,13.411368442904235,6912,10935.88402714607,-0.40336134453781514,H
517,70,104,5493.5,396.634556889534,13.850280830497542,10800,11689.86626400762,1.5378151260504203,Q
518,56,102,5540.5,510.14927566051483,10.860546636720102,10742,13684.77759903714,6.840336134453781,F
519,54,109,3445.5,299.92387998104095,11.48791486765842,6440,10568.317686676064,-7.38655462184874,R
520,74,89,3212.5,358.634556889534,8.957586318123573,6890,9503.317777109125,-0.15966386554621848,Q
521,50,100,5087.5,306.5512965917587,16.595917409460963,7548,10207.034531513238,-1.7394957983193278,T
522,62,109,4680.0,300.85281229019165,15.555779466956894,6936,9503.317777109125,-3.857142857142857,A
523,59,95,5852.0,356.5096664428711,16.414702182942783,8418,14957.122623741005,149.8235294117647,B
524,73,97,5676.0,476.59292674064636,11.909534702534058,12720,19113.4497044403,0.8487394957983193,P
525,60,106,4321.0,339.53910398483276,12.726074697402215,7128,13684.77759903714,728.0588235294117,R
526,76,107,3715.0,435.5634891986847,8.529181375680876,10323,15836.768566746148,0.9243697478991597,P
527,54,110,4726.0,292.3675310611725,16.16458565985965,6138,8494.8665353068,-10.218487394957982,M
528,64,107,5288.0,362.85281229019165,14.573402274669213,8840,13684.77759903714,-9.6890756302521,U
529,72,106,4511.5,422.69343197345734,10.673220018907925,10488,15393.804002589986,0.7647058823529411,P
530,80,107,3809.5,326.4091612100601,11.670934681727276,8343,12076.282160399165,0.6974789915966386,H
531,59,109,4141.5,293.9827550649643,14.087561017260388,5292,9503.317777109125,9.638655462184873,B
532,57,104,5100.5,314.7523070573807,16.20480576515729,7140,9503.317777109125,-5.46218487394958,M
533,35,73,2667.5,261.63960921764374,10.19532175566373,4590,7542.963961269093,-0.3949579831932773,H
534,35,72,2695.0,264.71067690849304,10.180926706373938,4823,7853.981633974483,-0.4369747899159664,H
535,37,81,3510.0,348.6518018245697,10.067350811415334,8428,9160.884177867836,-0.6638655462184874,T
536,59,108,4543.5,300.811182141304,15.104159252516489,5824,10207.034531513238,20.831932773109244,B
537,45,104,5888.0,387.4213538169861,15.197923248137302,12091,13684.77759903714,-1.0336134453781514,T
538,61,106,3360.5,291.63960921764374,11.52278323584002,5130,10207.034531513238,-10.22689075630252,U
539,66,85,3352.5,330.97770273685455,10.129081120202896,7098,9160.884177867836,-0.8991596638655462,Q
540,61,101,5117.0,483.22034335136414,10.58937205439481,9240,15836.768566746148,-14.319327731092438,V
541,53,107,4372.0,285.82337474823,15.296159748484932,6262,8171.282491987052,-8.739495798319327,N
542,54,97,6492.0,355.62236428260803,18.255319833712427,9044,12076.282160399165,160.91596638655463,M
543,79,104,4129.0,405.62236428260803,10.179418995554235,10605,16286.016316209487,1.1176470588235294,P
544,56,102,4516.5,418.7766922712326,10.784984177378144,12084,14102.60942196458,3.2184873949579833,Y
545,46,108,4522.0,419.4802289009094,10.780007467451338,12740,14102.60942196458,-3.7394957983193278,L
546,40,78,2917.5,267.9827550649643,10.886894566378873,4692,8494.8665353068,-0.23529411764705882,H
547,81,107,3751.5,321.5807341337204,11.665810795867028,8160,11689.86626400762,0.6890756302521008,H
548,63,103,4594.0,303.53910398483276,15.134788037819183,6099,9852.03456165759,-15.285714285714286,M
549,59,110,2628.0,324.9360725879669,8.087744703347905,6000,8824.73376393373,-3.2521008403361344,C
550,60,97,5482.5,346.2670258283615,15.833156469012383,7980,14102.60942196458,-2260.1932773109243,B
551,44,106,3956.0,374.45079135894775,10.564806087451386,10716,11309.733552923255,-2.092436974789916,L
552,58,109,3556.5,283.4385987520218,12.547691160128666,5712,7853.981633974483,8.764705882352942,I
553,44,107,5005.5,446.8944424390793,11.200631569013863,14490,15836.768566746148,-9.126050420168067,L
554,58,112,4407.5,276.5512965917587,15.937368778662035,6532,7853.981633974483,-1.9411764705882353,O
555,76,103,3853.0,329.82337474823,11.682010115084111,8393,12076.282160399165,0.5966386554621849,H
556,56,104,5044.0,372.16652059555054,13.553072941457657,8174,13273.228961416875,4.831932773109243,I
557,42,106,4787.0,426.2497808933258,11.230504306577004,9936,14526.724430199205,-0.7058823529411765,G
558,71,104,4971.5,364.4091612100601,13.64263176999062,8976,13684.77759903714,-63.94957983193277,D
559,42,112,4147.5,370.14927566051483,11.204938852302147,9744,12468.981242097889,-1.7478991596638656,L
560,44,113,3924.5,358.4924215078354,10.947232813160666,9047,11689.86626400762,-1.781512605042017,L
561,48,104,4725.5,298.7523070573807,15.81745107358245,6741,9503.317777109125,-4.336134453781512,O
562,57,110,2838.0,253.0538227558136,11.215005444666023,3960,7542.963961269093,246.56302521008402,B
563,72,87,3263.0,371.0193328857422,8.79468995488939,6848,9503.317777109125,0.05042016806722689,Q
564,58,100,4823.5,319.4385987520218,15.099928495943765,7182,10935.88402714607,-14.411764705882353,S
565,63,105,3422.5,296.61017167568207,11.538714200746332,5085,9852.03456165759,27.403361344537814,D
566,36,68,2737.5,255.01219260692596,10.734780843281339,4092,7238.229473870883,-0.20168067226890757,H
567,64,107,2762.5,267.2964633703232,10.334966520573534,4056,8494.8665353068,18.73109243697479,B
568,76,105,4866.5,439.37972366809845,11.075841095653491,10602,15393.804002589986,0.7394957983193278,P
569,36,67,2701.0,252.76955199241638,10.68562245218932,3999,7238.229473870883,-0.19327731092436976,H
570,50,111,4599.5,378.14927566051483,12.163186064461012,10185,11309.733552923255,1.6470588235294117,Y
571,53,108,5352.0,340.73506212234497,15.707218290550625,9430,12867.963509103793,-2.3361344537815127,F
572,39,88,3359.5,302.61017167568207,11.10174182644625,6466,10935.88402714607,-0.47058823529411764,G
573,50,110,5049.5,356.06601536273956,14.181359023707612,8468,10935.88402714607,9.739495798319327,I
574,57,91,4519.0,272.30865597724915,16.595139011583804,6192,7238.229473870883,-2.4285714285714284,S
575,80,102,3629.5,427.8061298131943,8.483983157475693,9672,14526.724430199205,0.865546218487395,P
576,56,109,4046.5,334.06601536273956,12.112875341738013,7750,12076.282160399165,-18.168067226890756,R
577,46,95,5494.0,337.4802289009094,16.279472186837772,8052,12076.282160399165,-11.722689075630251,O
578,53,92,5242.0,490.04877042770386,10.696894505877236,11985,15393.804002589986,14.865546218487395,F
